Data,Tappa,Fonte
2015-01-16,Seattle: presentazione del progetto satellitare SpaceX,https://www.geekwire.com/2015/elon-musk-plans-get-mars-via-seattle-spacex-founder-said-private-event/
2017-05-03,Patricia Cooper presenta al Senato il progetto e le sue esigenze industriali,https://www.commerce.senate.gov/wp-content/uploads/meetings/98C6FDC4-B916-41FA-A78A-80E6D513E652/Testimony%20Patricia%20Cooper%20-%20Broadband%20Infrastructure%20Hearing.pdf
2018-02,Tintin A e B: dimostratori per sperimentare il sistema,https://www.geekwire.com/2018/spacex-reorganizes-seattle-starlink-satellite/
2018-03-28,FCC autorizza la prima costellazione di 4.425 satelliti,https://docs.fcc.gov/public/attachments/FCC-18-38A1_Rcd.pdf
2018-06,Riorganizzazione del gruppo Starlink; vicenda ricostruita pubblicamente in ottobre,https://ca.investing.com/news/stock-market-news/insightmusk-shakes-up-spacex-in-race-to-make-satellite-launch-window--sources-1313425
2018-10-31,SpaceX conferma la riorganizzazione e richiama le lezioni dei dimostratori,https://www.geekwire.com/2018/spacex-reorganizes-seattle-starlink-satellite/
2019-01,SpaceX annuncia una riduzione aziendale di circa il 10% del personale,https://www.investing.com/news/technology-news/spacex-to-lay-off-about-10-percent-of-its-workforce-la-times-1745003
2019-04-26,Modifica FCC: primo gruppo spostato verso quote inferiori,https://docs.fcc.gov/public/attachments/da-19-342a1.pdf
2019-05-24,"Primi sessanta Starlink; decollo il 23 maggio in Florida, 24 maggio UTC",https://www.youtube.com/watch?v=riBaVeDTEWI
2019-09-02,Aeolus manovra per una congiunzione con Starlink; nessuna collisione,https://www.esa.int/Space_Safety/ESA_spacecraft_dodges_large_constellation
2020,Prime prove pubbliche con gli utenti e passaggio dalla flotta al servizio,https://www.starlink.com/public-files/starlinkProgressReport_2024.pdf
2020,OneWeb attraversa il Chapter 11 e il rilancio con sostegno britannico e Bharti,https://assets.publishing.service.gov.uk/government/uploads/system/uploads/attachment_data/file/1170076/the_case_for_space.pdf
2021,FCC approva la modifica della configurazione orbitale del sistema,https://docs.fcc.gov/public/attachments/fcc-21-48a1.pdf
2022-02,Tempesta geomagnetica: perdita di gran parte di un gruppo appena lanciato,https://www.nasa.gov/wp-content/uploads/2023/05/fy-2021-and-2022-presidents-report.pdf
2022,Buone pratiche SpaceX sulle mitigazioni della luminosità,https://starlink.com/public-files/BrightnessMitigationBestPracticesSatelliteOperators.pdf
2023-01-10,NSF annuncia l’accordo di coordinamento astronomico con SpaceX,https://www.nsf.gov/news/statement-nsf-astronomy-coordination-agreement
2023,V2 Mini: evoluzione della capacità compatibile con Falcon 9,https://www.starlink.com/public-files/Gen2StarlinkSatellites.pdf
2023-09-28,Completata la combinazione Eutelsat-OneWeb,https://www.eutelsat.com/media-press/media-centre/news/eutelsat-and-oneweb-combination-heralds-new-era-space-connectivity
2023-12-12,FCC conferma il diniego del sostegno RDOF a Starlink,https://docs.fcc.gov/public/attachments/DOC-399068A1.pdf
2024-03-14,IAU CPS presenta raccomandazioni per mitigare l’impatto delle costellazioni,https://cps.iau.org/news/cps-urges-action-in-first-recommendations-paper/
2024,"Rapporto Starlink: crescita della rete, laser e servizi mobili in evoluzione",https://www.starlink.com/public-files/starlinkProgressReport_2024.pdf
2025,Rapporto annuale Starlink: crescita degli utenti e rete Direct to Cell,https://starlink.com/2025
2026-01-09,"FCC porta a 15.000 i satelliti Gen2 autorizzati, non già operativi",https://docs.fcc.gov/public/attachments/DOC-417881A1.pdf
2026-01-12,"Airbus riceve l’ordine per altri 340 OneWeb, oltre ai 100 precedenti",https://www.airbus.com/en/newsroom/press-releases/2026-01-airbus-awarded-eutelsat-contract-for-further-340-low-earth-orbit
2026-05-14,Studio atmosferico di Barker e colleghi: emissioni e scenari fino al 2029,https://agupubs.onlinelibrary.wiley.com/doi/10.1029/2025EF007229
2026-07-24,Starship Flight 13: prova di dispiegamento V3 su traiettoria suborbitale,https://www.spacex.com/launches/starship-flight-13
2026-09-28,Starship Flight 14: primo dispiegamento orbitale di 26 V3,https://www.spacex.com/launches/starship-flight-14
2026-10-02,Airbus consegna i primi 32 satelliti del nuovo programma OneWeb; non è un lancio,https://www.airbus.com/en/newsroom/press-releases/2026-10-airbus-delivers-first-batch-of-next-generation-satellites-for-eutelsats-oneweb-constellation
2026-10-10,Data di chiusura della prima edizione: specifiche V3 distinte da prestazioni verificate,https://starlink.com/updates/starlink-version-3-satellites
