Missione,Categoria,Lancio_UTC,Rientro_UTC,Capsula,Destinazione,Equipaggio_lancio,Equipaggio_rientro,Nota,Fonte,Fonte_rientro
Demo-1,test,2019-03-02,2019-03-08,Capsula Demo-1,ISS,,,Prova orbitale senza equipaggio; il manichino Ripley non è una persona trasportata.,https://www.nasa.gov/news-release/spacex-crew-dragon-splashdown-marks-success-of-first-nasa-commercial-crew-flight-test/,
Demo-2,nasa,2020-05-30,2020-08-02,Endeavour,ISS,Doug Hurley; Bob Behnken,Doug Hurley; Bob Behnken,"Dimostrazione con equipaggio, non una rotazione operativa.",https://www.nasa.gov/news-release/nasa-astronauts-safely-splash-down-after-first-commercial-crew-flight-to-space-station/,
Crew-1,nasa,2020-11-16,2021-05-02,Resilience,ISS,Michael Hopkins; Victor Glover; Shannon Walker; Soichi Noguchi,Michael Hopkins; Victor Glover; Shannon Walker; Soichi Noguchi,Prima rotazione operativa. Lancio il 15 novembre nell’ora locale della Florida.,https://www.nasa.gov/news-release/crew-1-astronauts-safely-splash-down-after-space-station-mission/,
Crew-2,nasa,2021-04-23,2021-11-09,Endeavour,ISS,Shane Kimbrough; Megan McArthur; Akihiko Hoshide; Thomas Pesquet,Shane Kimbrough; Megan McArthur; Akihiko Hoshide; Thomas Pesquet,Prima missione NASA con riuso di capsula Crew Dragon e booster Falcon 9. Rientro l’8 novembre in Florida.,https://www.nasa.gov/reference/astronaut-fact-book/,
Inspiration4,privata,2021-09-16,2021-09-18,Resilience,Orbita autonoma,Jared Isaacman; Sian Proctor; Hayley Arceneaux; Chris Sembroski,Jared Isaacman; Sian Proctor; Hayley Arceneaux; Chris Sembroski,Nessun attracco alla ISS. Lancio il 15 settembre in Florida.,https://inspiration4.com/press/kennedy-space-center-fl-september-18-2021--after/,
Crew-3,nasa,2021-11-11,2022-05-06,Endurance,ISS,Raja Chari; Tom Marshburn; Kayla Barron; Matthias Maurer,Raja Chari; Tom Marshburn; Kayla Barron; Matthias Maurer,Debutto di Endurance. Lancio il 10 novembre nell’ora locale della Florida.,https://www.nasa.gov/news-release/nasa-esa-astronauts-safely-return-to-earth/,
Ax-1,privata,2022-04-08,2022-04-25,Endeavour,ISS,Michael López-Alegría; Larry Connor; Mark Pathy; Eytan Stibbe,Michael López-Alegría; Larry Connor; Mark Pathy; Eytan Stibbe,Prima missione Axiom alla stazione.,https://axiomspace.com/missions/ax1,
Crew-4,nasa,2022-04-27,2022-10-14,Freedom,ISS,Kjell Lindgren; Bob Hines; Jessica Watkins; Samantha Cristoforetti,Kjell Lindgren; Bob Hines; Jessica Watkins; Samantha Cristoforetti,Debutto di Freedom; partecipazione ESA italiana.,https://www.nasa.gov/reference/astronaut-fact-book/,
Crew-5,nasa,2022-10-05,2023-03-12,Endurance,ISS,Nicole Mann; Josh Cassada; Koichi Wakata; Anna Kikina,Nicole Mann; Josh Cassada; Koichi Wakata; Anna Kikina,"Rientro l’11 marzo in Florida, già 12 marzo in UTC.",https://www.nasa.gov/mission/spacex-crew-5/,
Crew-6,nasa,2023-03-02,2023-09-04,Endeavour,ISS,Stephen Bowen; Woody Hoburg; Sultan Alneyadi; Andrey Fedyaev,Stephen Bowen; Woody Hoburg; Sultan Alneyadi; Andrey Fedyaev,Rotazione con partecipazione degli Emirati Arabi Uniti.,https://www.nasa.gov/news-release/now-home-on-earth-nasas-spacex-crew-6-to-discuss-space-science/,
Ax-2,privata,2023-05-21,2023-05-31,Freedom,ISS,Peggy Whitson; John Shoffner; Ali Alqarni; Rayyanah Barnawi,Peggy Whitson; John Shoffner; Ali Alqarni; Rayyanah Barnawi,"Rientro il 30 maggio in Florida, già 31 maggio in UTC.",https://axiomspace.com/missions/ax2,
Crew-7,nasa,2023-08-26,2024-03-12,Endurance,ISS,Jasmin Moghbeli; Andreas Mogensen; Satoshi Furukawa; Konstantin Borisov,Jasmin Moghbeli; Andreas Mogensen; Satoshi Furukawa; Konstantin Borisov,"Equipaggio NASA, ESA, JAXA e Roscosmos.",https://www.nasa.gov/news-release/splashdown-nasas-spacex-crew-7-finishes-mission-returns-to-earth/,
Ax-3,privata,2024-01-18,2024-02-09,Freedom,ISS,Michael López-Alegría; Walter Villadei; Alper Gezeravcı; Marcus Wandt,Michael López-Alegría; Walter Villadei; Alper Gezeravcı; Marcus Wandt,Partecipazione italiana di Walter Villadei.,https://axiomspace.com/missions/ax3,
Crew-8,nasa,2024-03-04,2024-10-25,Endeavour,ISS,Matthew Dominick; Michael Barratt; Jeanette Epps; Alexander Grebenkin,Matthew Dominick; Michael Barratt; Jeanette Epps; Alexander Grebenkin,Lancio il 3 marzo nell’ora locale della Florida.,https://www.nasa.gov/mission/nasas-spacex-crew-8/,
Polaris Dawn,privata,2024-09-10,2024-09-15,Resilience,Orbita autonoma,Jared Isaacman; Scott Poteet; Sarah Gillis; Anna Menon,Jared Isaacman; Scott Poteet; Sarah Gillis; Anna Menon,Attività extraveicolare privata il 12 settembre; tutti e quattro esposti al vuoto in tuta.,https://polarisprogram.com/dawn/,
Crew-9,nasa,2024-09-28,2025-03-18,Freedom,ISS,Nick Hague; Aleksandr Gorbunov,Nick Hague; Aleksandr Gorbunov; Butch Wilmore; Suni Williams,Due persone lanciate; quattro riportate a Terra. Wilmore e Williams erano arrivati con Starliner.,https://www.nasa.gov/mission/nasas-spacex-crew-9/,
Crew-10,nasa,2025-03-14,2025-08-09,Endurance,ISS,Anne McClain; Nichole Ayers; Takuya Onishi; Kirill Peskov,Anne McClain; Nichole Ayers; Takuya Onishi; Kirill Peskov,Prima rotazione NASA SpaceX a rientrare nel Pacifico.,https://www.nasa.gov/news-release/nasas-spacex-crew-10-mission-returns-splashes-down-off-california/,
Fram2,privata,2025-04-01,2025-04-04,Resilience,Orbita polare autonoma,Chun Wang; Jannicke Mikkelsen; Rabea Rogge; Eric Philips,Chun Wang; Jannicke Mikkelsen; Rabea Rogge; Eric Philips,Lancio il 31 marzo in Florida; primo ritorno umano Dragon nel Pacifico.,https://f2.com/,https://www.youtube.com/watch?v=MWBmcRl2UeI
Ax-4,privata,2025-06-25,2025-07-15,Grace,ISS,Peggy Whitson; Shubhanshu Shukla; Sławosz Uznański-Wiśniewski; Tibor Kapu,Peggy Whitson; Shubhanshu Shukla; Sławosz Uznański-Wiśniewski; Tibor Kapu,Debutto di Grace.,https://axiomspace.com/missions/ax4,
Crew-11,nasa,2025-08-01,2026-01-15,Endeavour,ISS,Zena Cardman; Mike Fincke; Kimiya Yui; Oleg Platonov,Zena Cardman; Mike Fincke; Kimiya Yui; Oleg Platonov,Rientro anticipato per una situazione medica; dettagli sanitari non pubblicati.,https://www.nasa.gov/news-release/nasas-spacex-crew-11-mission-returns-splashes-down-off-california/,
Crew-12,nasa,2026-02-13,2026-10-08,Freedom,ISS,Jessica Meir; Jack Hathaway; Sophie Adenot; Andrey Fedyaev,Jessica Meir; Jack Hathaway; Sophie Adenot; Andrey Fedyaev,"Rientro verificato l’8 ottobre 2026, non più una missione in corso.",https://www.nasa.gov/blogs/spacestation/2026/10/08/nasas-spacex-crew-12-dragon-splashes-down-at-1134-a-m-edt/,
Crew-13,nasa,2026-10-01,,Grace,ISS,Jessica Watkins; Luke Delaney; Joshua Kutryk; Sergey Teteryatnikov,Jessica Watkins; Luke Delaney; Joshua Kutryk; Sergey Teteryatnikov,Missione in corso alla data del 9 ottobre 2026. Nessuna data futura conteggiata come rientro.,https://www.nasa.gov/news-release/nasas-spacex-crew-13-launches-to-international-space-station/,
