data,evento,tipo,stato,fonte
2017,Spaceborne Computer sulla ISS,Precedente,Esperimento su hardware commerciale dentro una stazione abitata; ritorno nel 2019.,https://www.nasa.gov/podcasts/houston-we-have-a-podcast/spaceborne-computer/
2021,Spaceborne Computer-2,Precedente,Nuove prove di calcolo locale e IA sulla ISS.,https://www.nasa.gov/missions/station/iss-research/new-research-launching-to-space-station-aboard-northrop-grummans-15th-resupply-mission/
2024-06-27,Risultati dello studio ASCEND,Studio,"Studio europeo di fattibilità, con condizioni sul ciclo ambientale e sul trasporto.",https://www.thalesaleniaspace.com/en/press-releases/thales-alenia-space-reveals-results-ascend-feasibility-study-space-data-centers-0
2025-11-04,Google presenta Project Suncatcher,Annuncio,Programma di ricerca su calcolo con TPU alimentato dal Sole in orbita.,https://blog.google/innovation-and-ai/technology/research/google-project-suncatcher/
2025-11,Starcloud-1 raggiunge l’orbita,Dimostratore,Il costruttore documenta il lancio con H100; successivamente rivendica prove di modelli.,https://www.starcloud.com/starcloud-1
2026-01-30,Domanda SpaceX Orbital Data Center System,Atto,Fino a un milione di satelliti nel perimetro richiesto; non flotta dispiegata.,https://docs.fcc.gov/public/attachments/DA-26-113A1.pdf
2026-02-02,Accordo SpaceX–xAI,Atto,Documento societario del nuovo perimetro industriale.,https://www.sec.gov/Archives/edgar/data/1181412/000162828026036936/exhibit21-sx1.htm
2026-02-04,FCC accetta la domanda per l’istruttoria,Atto,DA 26-113 apre l’esame e il periodo di commenti; non concede la costellazione.,https://docs.fcc.gov/public/attachments/DA-26-113A1.pdf
2026-03-06,Commenti Secure World Foundation,Commento,"Richiesta di analisi dei rischi cumulativi, trasparenza e autorizzazioni per fasi.",https://www.swfound.org/publications-and-reports/swf-filing-comments-on-spacexs-orbital-data-center-application
2026-03-06,Petizione American Astronomical Society,Commento,"Opposizione alla domanda: posizione di una parte, non decisione FCC.",https://aas.org/sites/default/files/2026-03/American%20Astronomical%20Society%20-%20SpaceX%20Orbital%20Data%20Centers%20Petition%20to%20Deny.pdf
2026-06-23,Conferma del nome Starmind,Annuncio,Conferma di Musk documentata dalla cronaca del 25 giugno; non riguarda il lancio di un satellite.,https://www.space.com/space-exploration/launches-spacecraft/another-star-is-born-spacex-names-ai-megaconstellation-starmind
2026-08-24,NVIDIA conferma Vera Rubin per Starmind,Annuncio,Piattaforma ottimizzata per la prima generazione; non benchmark di volo.,https://investor.nvidia.com/news/press-release-details/2026/SpaceXAI-Adopts-NVIDIA-Vera-CPU-to-Accelerate-Agentic-AI-at-Massive-Scale/default.aspx
2026-09-16,Risposta tecnica SpaceX alla FCC,Atto,"Documento datato 16 settembre, dopo l’incontro del 14: inviluppi, laser e fine vita.",https://api-prod.fcc.gov/icfs-attachment/exp/api/v1/a81df57a93db4f10ac9c39bfa8373c08
2026-10-01,Prototipo Suncatcher in orbita,Dimostratore,"Google annuncia lancio Transporter-18, contatto e inizio degli esperimenti.",https://blog.google/innovation-and-ai/models-and-research/google-research/project-suncatcher-prototype/
2026-10-10,Scheda AI1 verificata per questa edizione,Scheda,"30 m, 75 m, fino a 250 kW di picco e 175 kW medi: caratteristiche dichiarate.",https://new.spacex.com/spacexai/starmind
Fine 2027,Obiettivo Gigasat / primo dispiegamento,Obiettivo,La pagina SpaceX indica una possibile partenza della produzione e del dispiegamento dalla fine del 2027; calendario prospettico.,https://new.spacex.com/spacexai/starmind
